im_fitness,im_f_measure,im_precision,im_tree_height,im_tree_silent_leaves,im_tree_leaves,im_tree_nodes,incremental_fitness,incremental_f_measure,incremental_precision,incremental_tree_height,incremental_tree_silent_leaves,incremental_tree_leaves,incremental_tree_nodes,incremental_freezing_baseline_fitness,incremental_freezing_baseline_f_measure,incremental_freezing_baseline_precision,incremental_freezing_baseline_tree_height,incremental_freezing_baseline_tree_silent_leaves,incremental_freezing_baseline_tree_leaves,incremental_freezing_baseline_tree_nodes,incremental_freezing_advanced_fitness,incremental_freezing_advanced_f_measure,incremental_freezing_advanced_precision,incremental_freezing_advanced_tree_height,incremental_freezing_advanced_tree_silent_leaves,incremental_freezing_advanced_tree_leaves,incremental_freezing_advanced_tree_nodes,variants_total,variants_processed_so_far,traces_processed_so_far
0.6730895408884454,0.8046067164235823,1.0,2,0,5,6,0.858054059118532,0.7904624858942083,0.732742121718591,7,4,12,20,0.858054059118532,0.7904624858942083,0.732742121718591,7,4,12,20,0.858054059118532,0.7904624858942083,0.732742121718591,7,4,12,20,231,1,56482
0.8768557459642501,0.9343880027537846,1.0,4,0,6,9,0.9912327625713363,0.8426085602316162,0.732742121718591,7,5,13,22,0.9912327625713363,0.8426085602316162,0.732742121718591,7,5,13,22,0.9912327625713363,0.8426085602316162,0.732742121718591,7,5,13,22,231,2,102853
0.9632521621116947,0.8346280294618051,0.7363080028343819,5,3,9,15,0.9912327625713363,0.8426085602316162,0.732742121718591,7,5,13,22,0.9912327625713363,0.8426085602316162,0.732742121718591,7,5,13,22,0.9912327625713363,0.8426085602316162,0.732742121718591,7,5,13,22,231,3,123238
0.9807716304216332,0.7203353329595209,0.5691910622594656,3,4,10,15,0.9912327625713363,0.8426085602316162,0.732742121718591,7,5,13,22,0.9912327625713363,0.8426085602316162,0.732742121718591,7,5,13,22,0.9912327625713363,0.8426085602316162,0.732742121718591,7,5,13,22,231,4,132758
0.9847309015026183,0.7235380499744869,0.5718570454168382,4,5,11,17,0.9912327625713363,0.8426085602316162,0.732742121718591,7,5,13,22,0.9912327625713363,0.8426085602316162,0.732742121718591,7,5,13,22,0.9912327625713363,0.8426085602316162,0.732742121718591,7,5,13,22,231,5,136494
0.9898888732646063,0.7270316562312121,0.5744823732343234,6,7,13,22,0.9912327625713363,0.8426085602316162,0.732742121718591,7,5,13,22,0.9912327625713363,0.8426085602316162,0.732742121718591,7,5,13,22,0.9912327625713363,0.8426085602316162,0.732742121718591,7,5,13,22,231,6,139795
0.9898888732646063,0.7270316562312121,0.5744823732343234,6,7,13,22,0.9912327625713363,0.8426085602316162,0.732742121718591,7,5,13,22,0.9912327625713363,0.8426085602316162,0.732742121718591,7,5,13,22,0.9912327625713363,0.8426085602316162,0.732742121718591,7,5,13,22,231,7,142926
0.9961493227453846,0.7517393604338227,0.6036347184671842,6,8,16,26,0.9969572988545938,0.8645433478290012,0.7631793361888287,7,5,14,23,0.9972964250869113,0.702398503477711,0.5421007438205854,8,10,25,43,0.9986813943078409,0.8352298156251349,0.7177564841736708,8,7,17,30,231,8,145423
0.9961493227453846,0.7517393604338227,0.6036347184671842,6,8,16,26,0.9969572988545938,0.8645433478290012,0.7631793361888287,7,5,14,23,0.9972964250869113,0.702398503477711,0.5421007438205854,8,10,25,43,0.9986813943078409,0.8352298156251349,0.7177564841736708,8,7,17,30,231,9,146938
0.9961493227453846,0.7517393604338227,0.6036347184671842,6,8,16,26,0.9969572988545938,0.8645433478290012,0.7631793361888287,7,5,14,23,0.9972964250869113,0.702398503477711,0.5421007438205854,8,10,25,43,0.9986813943078409,0.8352298156251349,0.7177564841736708,8,7,17,30,231,10,147460
0.9965162002207323,0.7599977939803327,0.614216429826776,6,7,15,24,0.9975274309098675,0.8719943615911455,0.7745248765394716,8,6,16,27,0.9978644747366976,0.7170915058341586,0.5596270798786673,9,11,27,47,0.9986813943078409,0.8352298156251349,0.7177564841736708,8,7,17,30,231,11,147903
0.9974143228035018,0.6746301710689421,0.5096853300447743,7,7,15,25,0.9975274309098675,0.8719943615911455,0.7745248765394716,8,6,16,27,0.9978644747366976,0.7170915058341586,0.5596270798786673,9,11,27,47,0.9986813943078409,0.8352298156251349,0.7177564841736708,8,7,17,30,231,12,148265
0.9995106824033986,0.6289073532933577,0.4587936570069835,8,12,22,37,0.9995106824033986,0.6289073532933577,0.4587936570069835,8,12,22,37,0.9999648140647011,0.607091860485612,0.4358515496156068,9,17,33,57,0.9998629473705118,0.8785578912174182,0.7835020976227621,8,8,20,34,231,13,148404
0.9999894200366365,0.6738006641572996,0.5080716510099244,8,13,24,40,0.9999894200366365,0.6738006641572996,0.5080716510099244,9,13,24,41,0.9999648140647011,0.607091860485612,0.4358515496156068,9,17,33,57,0.9998629473705118,0.8785578912174182,0.7835020976227621,8,8,20,34,231,14,148539
0.9999894200366365,0.6738006641572996,0.5080716510099244,8,13,24,40,0.9999894200366365,0.6738006641572996,0.5080716510099244,9,13,24,41,0.9999648140647011,0.607091860485612,0.4358515496156068,9,17,33,57,0.9998629473705118,0.8785578912174182,0.7835020976227621,8,8,20,34,231,15,148665
0.9999894200366365,0.6738006641572996,0.5080716510099244,8,13,24,40,0.9999894200366365,0.6738006641572996,0.5080716510099244,9,13,24,41,0.9999648140647011,0.607091860485612,0.4358515496156068,9,17,33,57,0.9998629473705118,0.8785578912174182,0.7835020976227621,8,8,20,34,231,16,148779
0.9999894200366365,0.6738006641572996,0.5080716510099244,8,13,24,40,0.9999894200366365,0.6738006641572996,0.5080716510099244,9,13,24,41,0.9999648140647011,0.607091860485612,0.4358515496156068,9,17,33,57,0.9998629473705118,0.8785578912174182,0.7835020976227621,8,8,20,34,231,17,148887
0.9999894200366365,0.6738006641572996,0.5080716510099244,8,13,24,40,0.9999894200366365,0.6738006641572996,0.5080716510099244,9,13,24,41,0.9999648140647011,0.607091860485612,0.4358515496156068,9,17,33,57,0.9998629473705118,0.8785578912174182,0.7835020976227621,8,8,20,34,231,18,148976
0.9998540987527316,0.686650819328588,0.5228641547034727,8,10,21,35,0.9999894200366365,0.6738006641572996,0.5080716510099244,9,13,24,41,0.9999648140647011,0.607091860485612,0.4358515496156068,9,17,33,57,0.9998629473705118,0.8785578912174182,0.7835020976227621,8,8,20,34,231,19,149064
0.9998540987527316,0.686650819328588,0.5228641547034727,8,10,21,35,0.9999894200366365,0.6738006641572996,0.5080716510099244,9,13,24,41,0.9999648140647011,0.607091860485612,0.4358515496156068,9,17,33,57,0.9998629473705118,0.8785578912174182,0.7835020976227621,8,8,20,34,231,20,149145
0.9998540987527316,0.686650819328588,0.5228641547034727,8,10,21,35,0.9999894200366365,0.6738006641572996,0.5080716510099244,9,13,24,41,0.9999648140647011,0.607091860485612,0.4358515496156068,9,17,33,57,0.9998629473705118,0.8785578912174182,0.7835020976227621,8,8,20,34,231,21,149214
0.9998540987527316,0.686650819328588,0.5228641547034727,8,10,21,35,0.9999894200366365,0.6738006641572996,0.5080716510099244,9,13,24,41,0.9999648140647011,0.607091860485612,0.4358515496156068,9,17,33,57,0.9998629473705118,0.8785578912174182,0.7835020976227621,8,8,20,34,231,22,149275
0.9998540987527316,0.686650819328588,0.5228641547034727,8,10,21,35,0.9999894200366365,0.6738006641572996,0.5080716510099244,9,13,24,41,0.9999648140647011,0.607091860485612,0.4358515496156068,9,17,33,57,0.9998629473705118,0.8785578912174182,0.7835020976227621,8,8,20,34,231,23,149333
0.9998540987527316,0.686650819328588,0.5228641547034727,8,12,23,40,0.9999894200366365,0.6738006641572996,0.5080716510099244,9,13,24,41,0.9999648140647011,0.607091860485612,0.4358515496156068,9,17,33,57,0.9998629473705118,0.8785578912174182,0.7835020976227621,8,8,20,34,231,24,149389
0.9998540987527316,0.686650819328588,0.5228641547034727,8,12,23,40,0.9999894200366365,0.6738006641572996,0.5080716510099244,9,13,24,41,0.9999648140647011,0.607091860485612,0.4358515496156068,9,17,33,57,0.9998629473705118,0.8785578912174182,0.7835020976227621,8,8,20,34,231,25,149438
0.9998540987527316,0.686650819328588,0.5228641547034727,8,12,23,40,0.9999894200366365,0.6738006641572996,0.5080716510099244,9,13,24,41,0.9999648140647011,0.607091860485612,0.4358515496156068,9,17,33,57,0.9998629473705118,0.8785578912174182,0.7835020976227621,8,8,20,34,231,26,149483
0.9999894200366365,0.6738006641572996,0.5080716510099244,9,13,24,42,0.9999894200366365,0.6738006641572996,0.5080716510099244,9,13,24,41,0.9999648140647011,0.607091860485612,0.4358515496156068,9,17,33,57,0.9998629473705118,0.8785578912174182,0.7835020976227621,8,8,20,34,231,27,149525
0.9999894200366365,0.6738006641572996,0.5080716510099244,9,13,24,42,0.9999894200366365,0.6738006641572996,0.5080716510099244,9,13,24,41,0.9999648140647011,0.607091860485612,0.4358515496156068,9,17,33,57,0.9998629473705118,0.8785578912174182,0.7835020976227621,8,8,20,34,231,28,149559
0.9999894200366365,0.6738006641572996,0.5080716510099244,9,13,24,42,0.9999894200366365,0.6738006641572996,0.5080716510099244,9,13,24,41,0.9999648140647011,0.607091860485612,0.4358515496156068,9,17,33,57,0.9998629473705118,0.8785578912174182,0.7835020976227621,8,8,20,34,231,29,149591
0.9999894200366365,0.6738006641572996,0.5080716510099244,9,13,24,42,0.9999894200366365,0.6738006641572996,0.5080716510099244,9,13,24,41,0.9999648140647011,0.607091860485612,0.4358515496156068,9,17,33,57,0.9998629473705118,0.8785578912174182,0.7835020976227621,8,8,20,34,231,30,149621
0.9999894200366365,0.6738006641572996,0.5080716510099244,9,13,24,42,0.9999894200366365,0.6738006641572996,0.5080716510099244,9,13,24,41,0.9999648140647011,0.607091860485612,0.4358515496156068,9,17,33,57,0.9998629473705118,0.8785578912174182,0.7835020976227621,8,8,20,34,231,31,149644
0.9999894200366365,0.6738006641572996,0.5080716510099244,9,13,24,42,0.9999894200366365,0.6738006641572996,0.5080716510099244,9,13,24,41,0.9999648140647011,0.607091860485612,0.4358515496156068,9,17,33,57,0.9998629473705118,0.8785578912174182,0.7835020976227621,8,8,20,34,231,32,149666
0.9999894200366365,0.6738006641572996,0.5080716510099244,9,13,24,42,0.9999894200366365,0.6738006641572996,0.5080716510099244,9,13,24,41,0.9999648140647011,0.607091860485612,0.4358515496156068,9,17,33,57,0.9998629473705118,0.8785578912174182,0.7835020976227621,8,8,20,34,231,33,149686
0.9999894200366365,0.6738006641572996,0.5080716510099244,9,13,24,42,0.9999894200366365,0.6738006641572996,0.5080716510099244,9,13,24,41,0.9999648140647011,0.607091860485612,0.4358515496156068,9,17,33,57,0.9998629473705118,0.8785578912174182,0.7835020976227621,8,8,20,34,231,34,149706
0.9999894200366365,0.6738006641572996,0.5080716510099244,9,13,24,42,0.9999894200366365,0.6738006641572996,0.5080716510099244,9,13,24,41,0.9999648140647011,0.607091860485612,0.4358515496156068,9,17,33,57,0.9998629473705118,0.8785578912174182,0.7835020976227621,8,8,20,34,231,35,149726
0.9999894200366365,0.6738006641572996,0.5080716510099244,9,13,24,42,0.9999894200366365,0.6738006641572996,0.5080716510099244,9,13,24,41,0.9999648140647011,0.607091860485612,0.4358515496156068,9,17,33,57,0.9998629473705118,0.8785578912174182,0.7835020976227621,8,8,20,34,231,36,149746
0.9999894200366365,0.6738006641572996,0.5080716510099244,9,13,24,42,0.9999894200366365,0.6738006641572996,0.5080716510099244,9,13,24,41,0.9999648140647011,0.607091860485612,0.4358515496156068,9,17,33,57,0.9998629473705118,0.8785578912174182,0.7835020976227621,8,8,20,34,231,37,149765
0.9999894200366365,0.6738006641572996,0.5080716510099244,9,13,24,42,0.9999894200366365,0.6738006641572996,0.5080716510099244,9,13,24,41,0.9999648140647011,0.607091860485612,0.4358515496156068,9,17,33,57,0.9998629473705118,0.8785578912174182,0.7835020976227621,8,8,20,34,231,38,149784
0.9999894200366365,0.6738006641572996,0.5080716510099244,9,13,24,42,0.9999894200366365,0.6738006641572996,0.5080716510099244,9,13,24,41,0.9999648140647011,0.607091860485612,0.4358515496156068,9,17,33,57,0.9998629473705118,0.8785578912174182,0.7835020976227621,8,8,20,34,231,39,149801
0.9999894200366365,0.6738006641572996,0.5080716510099244,9,13,24,42,0.9999894200366365,0.6738006641572996,0.5080716510099244,9,13,24,41,0.9999648140647011,0.607091860485612,0.4358515496156068,9,17,33,57,0.9998629473705118,0.8785578912174182,0.7835020976227621,8,8,20,34,231,40,149817
0.9999894200366365,0.6738006641572996,0.5080716510099244,9,13,24,42,0.9999894200366365,0.6738006641572996,0.5080716510099244,9,13,24,41,0.9999648140647011,0.607091860485612,0.4358515496156068,9,17,33,57,0.9998629473705118,0.8785578912174182,0.7835020976227621,8,8,20,34,231,41,149832
0.9999894200366365,0.6738006641572996,0.5080716510099244,9,13,24,42,0.9999894200366365,0.6738006641572996,0.5080716510099244,9,13,24,41,0.9999648140647011,0.607091860485612,0.4358515496156068,9,17,33,57,0.9998629473705118,0.8785578912174182,0.7835020976227621,8,8,20,34,231,42,149847
0.9999894200366365,0.6738006641572996,0.5080716510099244,9,13,24,42,0.9999894200366365,0.6738006641572996,0.5080716510099244,9,13,24,41,0.9999648140647011,0.607091860485612,0.4358515496156068,9,17,33,57,0.9998629473705118,0.8785578912174182,0.7835020976227621,8,8,20,34,231,43,149861
0.9999894200366365,0.6738006641572996,0.5080716510099244,9,13,24,42,0.9999894200366365,0.6738006641572996,0.5080716510099244,9,13,24,41,0.9999648140647011,0.607091860485612,0.4358515496156068,9,17,33,57,0.9998629473705118,0.8785578912174182,0.7835020976227621,8,8,20,34,231,44,149875
0.9999894200366365,0.6738006641572996,0.5080716510099244,9,13,24,42,0.9999894200366365,0.6738006641572996,0.5080716510099244,9,13,24,41,0.9999648140647011,0.607091860485612,0.4358515496156068,9,17,33,57,0.9998629473705118,0.8785578912174182,0.7835020976227621,8,8,20,34,231,45,149888
0.9999894200366365,0.6738006641572996,0.5080716510099244,9,13,24,42,0.9999894200366365,0.6738006641572996,0.5080716510099244,9,13,24,41,0.9999648140647011,0.607091860485612,0.4358515496156068,9,17,33,57,0.9998629473705118,0.8785578912174182,0.7835020976227621,8,8,20,34,231,46,149901
0.9999894200366365,0.6738006641572996,0.5080716510099244,9,13,24,42,0.9999894200366365,0.6738006641572996,0.5080716510099244,9,13,24,41,0.9999648140647011,0.607091860485612,0.4358515496156068,9,17,33,57,0.9998629473705118,0.8785578912174182,0.7835020976227621,8,8,20,34,231,47,149913
0.9999894200366365,0.6738006641572996,0.5080716510099244,9,13,24,42,0.9999894200366365,0.6738006641572996,0.5080716510099244,9,13,24,41,0.9999648140647011,0.607091860485612,0.4358515496156068,9,17,33,57,0.9998629473705118,0.8785578912174182,0.7835020976227621,8,8,20,34,231,48,149925
0.9999894200366365,0.6738006641572996,0.5080716510099244,9,13,24,42,0.9999894200366365,0.6738006641572996,0.5080716510099244,9,13,24,41,0.9999648140647011,0.607091860485612,0.4358515496156068,9,17,33,57,0.9999300426912313,0.8753231394505581,0.7783309453422083,8,9,21,36,231,49,149937
0.9999894200366365,0.6738006641572996,0.5080716510099244,9,13,24,42,0.9999894200366365,0.6738006641572996,0.5080716510099244,9,13,24,41,0.9999648140647011,0.607091860485612,0.4358515496156068,9,17,33,57,0.9999300426912313,0.8753231394505581,0.7783309453422083,8,9,21,36,231,50,149949
0.9999894200366365,0.6738006641572996,0.5080716510099244,9,13,24,42,0.9999894200366365,0.6738006641572996,0.5080716510099244,9,13,24,41,0.9999648140647011,0.607091860485612,0.4358515496156068,9,17,33,57,0.9999300426912313,0.8753231394505581,0.7783309453422083,8,9,21,36,231,51,149960
0.9999803380617368,0.7102277032700542,0.5506672728119179,12,12,23,42,0.9999894200366365,0.6738006641572996,0.5080716510099244,9,13,24,41,0.9999648140647011,0.607091860485612,0.4358515496156068,9,17,33,57,0.9999300426912313,0.8753231394505581,0.7783309453422083,8,9,21,36,231,52,149970
0.9999803380617368,0.7102277032700542,0.5506672728119179,12,12,23,42,0.9999894200366365,0.6738006641572996,0.5080716510099244,9,13,24,41,0.9999648140647011,0.607091860485612,0.4358515496156068,9,17,33,57,0.9999300426912313,0.8753231394505581,0.7783309453422083,8,9,21,36,231,53,149979
0.9999803380617368,0.7102277032700542,0.5506672728119179,12,12,23,42,0.9999894200366365,0.6738006641572996,0.5080716510099244,9,13,24,41,0.9999648140647011,0.607091860485612,0.4358515496156068,9,17,33,57,0.9999300426912313,0.8753231394505581,0.7783309453422083,8,9,21,36,231,54,149988
0.9999803380617368,0.7102277032700542,0.5506672728119179,12,12,23,42,0.9999894200366365,0.6738006641572996,0.5080716510099244,9,13,24,41,0.9999648140647011,0.607091860485612,0.4358515496156068,9,17,33,57,0.9999300426912313,0.8753231394505581,0.7783309453422083,8,9,21,36,231,55,149997
0.9999741983242675,0.8255138585629289,0.7028851180310455,9,7,18,32,0.9999894200366365,0.6738006641572996,0.5080716510099244,9,13,24,41,0.9999648140647011,0.607091860485612,0.4358515496156068,9,17,33,57,0.9999300426912313,0.8753231394505581,0.7783309453422083,8,9,21,36,231,56,150006
0.9999838210528502,0.8254993352220195,0.7028593063547508,10,6,17,29,1.0,0.6738046902061888,0.5080734980965571,9,14,26,45,0.9999753940280645,0.6070958759056133,0.435853678962311,9,18,35,61,0.9999580426482404,0.8738092356650815,0.775923326662666,9,12,25,44,231,57,150014
0.9999838210528502,0.8254993352220195,0.7028593063547508,10,6,17,29,1.0,0.6738046902061888,0.5080734980965571,9,14,26,45,0.9999753940280645,0.6070958759056133,0.435853678962311,9,18,35,61,0.9999580426482404,0.8738092356650815,0.775923326662666,9,12,25,44,231,58,150022
0.9999838210528502,0.8254993352220195,0.7028593063547508,10,6,17,29,1.0,0.6738046902061888,0.5080734980965571,9,14,26,45,0.9999753940280645,0.6070958759056133,0.435853678962311,9,18,35,61,0.9999580426482404,0.8738092356650815,0.775923326662666,9,12,25,44,231,59,150029
0.9999838210528502,0.8254993352220195,0.7028593063547508,10,6,17,29,1.0,0.6738046902061888,0.5080734980965571,9,14,26,45,0.9999753940280645,0.6070958759056133,0.435853678962311,9,18,35,61,0.9999580426482404,0.8738092356650815,0.775923326662666,9,12,25,44,231,60,150036
0.9999838210528502,0.8254993352220195,0.7028593063547508,10,6,17,29,1.0,0.6738046902061888,0.5080734980965571,9,14,26,45,0.9999753940280645,0.6070958759056133,0.435853678962311,9,18,35,61,0.9999580426482404,0.8738092356650815,0.775923326662666,9,12,25,44,231,61,150043
0.9999838210528502,0.8254993352220195,0.7028593063547508,10,6,17,29,1.0,0.6738046902061888,0.5080734980965571,9,14,26,45,0.9999903571191063,0.6516119231021938,0.4832547623243667,9,18,36,63,0.9999826486201759,0.888084252647172,0.7987085016679272,9,13,27,47,231,62,150050
0.9999838210528502,0.8254993352220195,0.7028593063547508,10,6,17,29,1.0,0.6738046902061888,0.5080734980965571,9,14,26,45,0.9999903571191063,0.6516119231021938,0.4832547623243667,9,18,36,63,0.9999826486201759,0.888084252647172,0.7987085016679272,9,13,27,47,231,63,150057
0.9999838210528502,0.8254993352220195,0.7028593063547508,10,6,17,29,1.0,0.6738046902061888,0.5080734980965571,9,14,26,45,0.9999903571191063,0.6516119231021938,0.4832547623243667,9,18,36,63,0.9999826486201759,0.888084252647172,0.7987085016679272,9,13,27,47,231,64,150063
0.9999838210528502,0.8254993352220195,0.7028593063547508,10,6,17,29,1.0,0.6738046902061888,0.5080734980965571,9,14,26,45,0.9999903571191063,0.6516119231021938,0.4832547623243667,9,18,36,63,0.9999826486201759,0.888084252647172,0.7987085016679272,9,13,27,47,231,65,150069
0.9999838210528502,0.8254993352220195,0.7028593063547508,10,6,17,29,1.0,0.6738046902061888,0.5080734980965571,9,14,26,45,0.9999903571191063,0.6516119231021938,0.4832547623243667,9,18,36,63,0.9999826486201759,0.888084252647172,0.7987085016679272,9,13,27,47,231,66,150075
0.9999838210528502,0.8254993352220195,0.7028593063547508,10,6,17,29,1.0,0.6738046902061888,0.5080734980965571,9,14,26,45,0.9999903571191063,0.6516119231021938,0.4832547623243667,9,18,36,63,0.9999826486201759,0.888084252647172,0.7987085016679272,9,13,27,47,231,67,150081
0.9999838210528502,0.8254993352220195,0.7028593063547508,10,6,17,29,1.0,0.6738046902061888,0.5080734980965571,9,14,26,45,0.9999903571191063,0.6516119231021938,0.4832547623243667,9,18,36,63,0.9999826486201759,0.888084252647172,0.7987085016679272,9,13,27,47,231,68,150087
0.9999838210528502,0.8254993352220195,0.7028593063547508,10,6,17,29,1.0,0.6738046902061888,0.5080734980965571,9,14,26,45,0.9999903571191063,0.6516119231021938,0.4832547623243667,9,18,36,63,0.9999826486201759,0.888084252647172,0.7987085016679272,9,13,27,47,231,69,150093
0.9999838210528502,0.8254993352220195,0.7028593063547508,10,6,17,29,1.0,0.6738046902061888,0.5080734980965571,9,14,26,45,0.9999903571191063,0.6516119231021938,0.4832547623243667,9,18,36,63,0.9999928879135173,0.7741213346603604,0.6314856708835948,9,14,28,49,231,70,150099
0.9999838210528502,0.8254993352220195,0.7028593063547508,10,6,17,29,1.0,0.6738046902061888,0.5080734980965571,9,14,26,45,0.9999903571191063,0.6516119231021938,0.4832547623243667,9,18,36,63,0.9999928879135173,0.7741213346603604,0.6314856708835948,9,14,28,49,231,71,150104
0.9999838210528502,0.8254993352220195,0.7028593063547508,10,6,17,29,1.0,0.6738046902061888,0.5080734980965571,9,14,26,45,0.9999903571191063,0.6516119231021938,0.4832547623243667,9,18,36,63,0.9999928879135173,0.7741213346603604,0.6314856708835948,9,14,28,49,231,72,150109
0.9999838210528502,0.8254993352220195,0.7028593063547508,10,6,17,29,1.0,0.6738046902061888,0.5080734980965571,9,14,26,45,0.9999903571191063,0.6516119231021938,0.4832547623243667,9,18,36,63,0.9999928879135173,0.7741213346603604,0.6314856708835948,9,14,28,49,231,73,150114
0.9999838210528502,0.8254993352220195,0.7028593063547508,10,6,17,29,1.0,0.6738046902061888,0.5080734980965571,9,14,26,45,0.9999903571191063,0.6516119231021938,0.4832547623243667,9,18,36,63,0.9999928879135173,0.7741213346603604,0.6314856708835948,9,14,28,49,231,74,150119
0.9999838210528502,0.8254993352220195,0.7028593063547508,10,6,17,29,1.0,0.6738046902061888,0.5080734980965571,9,14,26,45,0.9999903571191063,0.6516119231021938,0.4832547623243667,9,18,36,63,0.9999928879135173,0.7741213346603604,0.6314856708835948,9,14,28,49,231,75,150124
0.9999838210528502,0.8254993352220195,0.7028593063547508,10,6,17,29,1.0,0.6738046902061888,0.5080734980965571,9,14,26,45,0.9999903571191063,0.6516119231021938,0.4832547623243667,9,18,36,63,0.9999928879135173,0.7741213346603604,0.6314856708835948,9,14,28,49,231,76,150128
0.9999838210528502,0.8254993352220195,0.7028593063547508,10,6,17,29,1.0,0.6738046902061888,0.5080734980965571,9,14,26,45,0.9999903571191063,0.6516119231021938,0.4832547623243667,9,18,36,63,0.9999928879135173,0.7741213346603604,0.6314856708835948,9,14,28,49,231,77,150132
0.9999838210528502,0.8254993352220195,0.7028593063547508,10,6,17,29,1.0,0.6738046902061888,0.5080734980965571,9,14,26,45,0.9999903571191063,0.6516119231021938,0.4832547623243667,9,18,36,63,0.9999928879135173,0.7741213346603604,0.6314856708835948,9,14,28,49,231,78,150136
0.9999838210528502,0.8254993352220195,0.7028593063547508,10,6,17,29,1.0,0.6738046902061888,0.5080734980965571,9,14,26,45,0.9999903571191063,0.6516119231021938,0.4832547623243667,9,18,36,63,0.9999928879135173,0.7741213346603604,0.6314856708835948,9,14,28,49,231,79,150140
0.9999838210528502,0.8254993352220195,0.7028593063547508,10,6,17,29,1.0,0.6738046902061888,0.5080734980965571,9,14,26,45,0.9999903571191063,0.6516119231021938,0.4832547623243667,9,18,36,63,0.9999928879135173,0.7741213346603604,0.6314856708835948,9,14,28,49,231,80,150144
0.9999838210528502,0.8254993352220195,0.7028593063547508,10,6,17,29,1.0,0.6738046902061888,0.5080734980965571,9,14,26,45,0.9999903571191063,0.6516119231021938,0.4832547623243667,9,18,36,63,0.9999928879135173,0.7741213346603604,0.6314856708835948,9,14,28,49,231,81,150148
0.9999838210528502,0.8254993352220195,0.7028593063547508,10,6,17,29,1.0,0.6738046902061888,0.5080734980965571,9,14,26,45,0.9999903571191063,0.6516119231021938,0.4832547623243667,9,18,36,63,0.9999928879135173,0.7741213346603604,0.6314856708835948,9,14,28,49,231,82,150152
0.9999838210528502,0.8254993352220195,0.7028593063547508,10,6,17,29,1.0,0.6738046902061888,0.5080734980965571,9,14,26,45,0.9999903571191063,0.6516119231021938,0.4832547623243667,9,18,36,63,0.9999928879135173,0.7741213346603604,0.6314856708835948,9,14,28,49,231,83,150156
0.9999838210528502,0.8254993352220195,0.7028593063547508,10,6,17,29,1.0,0.6738046902061888,0.5080734980965571,9,14,26,45,0.9999903571191063,0.6516119231021938,0.4832547623243667,9,18,36,63,0.9999928879135173,0.7741213346603604,0.6314856708835948,9,14,28,49,231,84,150160
0.9999838210528502,0.8254993352220195,0.7028593063547508,10,6,17,29,1.0,0.6738046902061888,0.5080734980965571,9,14,26,45,0.9999903571191063,0.6516119231021938,0.4832547623243667,9,18,36,63,0.9999928879135173,0.7741213346603604,0.6314856708835948,9,14,28,49,231,85,150163
0.9999838210528502,0.8254993352220195,0.7028593063547508,10,6,17,29,1.0,0.6738046902061888,0.5080734980965571,9,14,26,45,0.9999903571191063,0.6516119231021938,0.4832547623243667,9,18,36,63,0.9999928879135173,0.7741213346603604,0.6314856708835948,9,14,28,49,231,86,150166
0.9999838210528502,0.8254993352220195,0.7028593063547508,10,6,17,29,1.0,0.6738046902061888,0.5080734980965571,9,14,26,45,0.9999903571191063,0.6516119231021938,0.4832547623243667,9,18,36,63,0.9999928879135173,0.7741213346603604,0.6314856708835948,9,14,28,49,231,87,150169
0.9999838210528502,0.8254993352220195,0.7028593063547508,10,6,17,29,1.0,0.6738046902061888,0.5080734980965571,9,14,26,45,0.9999903571191063,0.6516119231021938,0.4832547623243667,9,18,36,63,0.9999928879135173,0.7741213346603604,0.6314856708835948,9,14,28,49,231,88,150172
0.9999838210528502,0.8254993352220195,0.7028593063547508,10,6,17,29,1.0,0.6738046902061888,0.5080734980965571,9,14,26,45,0.9999903571191063,0.6516119231021938,0.4832547623243667,9,18,36,63,0.9999928879135173,0.7741213346603604,0.6314856708835948,9,14,28,49,231,89,150175
0.999989060653754,0.8254291938177178,0.702755027775665,10,6,17,29,1.0,0.6738046902061888,0.5080734980965571,9,14,26,45,0.9999903571191063,0.6516119231021938,0.4832547623243667,9,18,36,63,0.9999928879135173,0.7741213346603604,0.6314856708835948,9,14,28,49,231,90,150178
0.999989060653754,0.8254291938177178,0.702755027775665,10,6,17,29,1.0,0.6738046902061888,0.5080734980965571,9,14,26,45,0.9999903571191063,0.6516119231021938,0.4832547623243667,9,18,36,63,0.9999928879135173,0.7741213346603604,0.6314856708835948,9,14,28,49,231,91,150181
0.999989060653754,0.8254291938177178,0.702755027775665,10,6,17,29,1.0,0.6738046902061888,0.5080734980965571,9,14,26,45,0.9999903571191063,0.6516119231021938,0.4832547623243667,9,18,36,63,0.9999928879135173,0.7741213346603604,0.6314856708835948,9,14,28,49,231,92,150184
0.999989060653754,0.8254291938177178,0.702755027775665,10,6,17,29,1.0,0.6738046902061888,0.5080734980965571,9,14,26,45,0.9999903571191063,0.6516119231021938,0.4832547623243667,9,18,36,63,0.9999928879135173,0.7741213346603604,0.6314856708835948,9,14,28,49,231,93,150187
0.999989060653754,0.8254291938177178,0.702755027775665,10,6,17,29,1.0,0.6738046902061888,0.5080734980965571,9,14,26,45,0.9999903571191063,0.6516119231021938,0.4832547623243667,9,18,36,63,0.9999928879135173,0.7741213346603604,0.6314856708835948,9,14,28,49,231,94,150190
0.999989060653754,0.8254291938177178,0.702755027775665,10,6,17,29,1.0,0.6738046902061888,0.5080734980965571,9,14,26,45,0.9999903571191063,0.6516119231021938,0.4832547623243667,9,18,36,63,0.9999928879135173,0.7741213346603604,0.6314856708835948,9,14,28,49,231,95,150193
0.999989060653754,0.8254291938177178,0.702755027775665,10,6,17,29,1.0,0.6738046902061888,0.5080734980965571,9,14,26,45,1.0,0.6766080522472819,0.5112680739793267,11,19,38,67,0.9999928879135173,0.7741213346603604,0.6314856708835948,9,14,28,49,231,96,150196
0.999989060653754,0.8254291938177178,0.702755027775665,10,6,17,29,1.0,0.6738046902061888,0.5080734980965571,9,14,26,45,1.0,0.6766080522472819,0.5112680739793267,11,19,38,67,0.9999928879135173,0.7741213346603604,0.6314856708835948,9,14,28,49,231,97,150199
0.999989060653754,0.8254291938177178,0.702755027775665,10,6,17,29,1.0,0.6738046902061888,0.5080734980965571,9,14,26,45,1.0,0.6766080522472819,0.5112680739793267,11,19,38,67,0.9999928879135173,0.7741213346603604,0.6314856708835948,9,14,28,49,231,98,150202
0.999989060653754,0.8254291938177178,0.702755027775665,10,6,17,29,1.0,0.6738046902061888,0.5080734980965571,9,14,26,45,1.0,0.6766080522472819,0.5112680739793267,11,19,38,67,0.9999961206801004,0.8450755302787222,0.7317170527120217,11,12,26,47,231,99,150205
0.9999971921113103,0.8076621858550269,0.6773782668414614,8,5,16,27,1.0,0.6738046902061888,0.5080734980965571,9,14,26,45,1.0,0.6766080522472819,0.5112680739793267,11,19,38,67,0.9999961206801004,0.8450755302787222,0.7317170527120217,11,12,26,47,231,100,150208
0.9999971921113103,0.8076621858550269,0.6773782668414614,8,5,16,27,1.0,0.6738046902061888,0.5080734980965571,9,14,26,45,1.0,0.6766080522472819,0.5112680739793267,11,19,38,67,0.9999991687171643,0.8170046718331637,0.690624148233308,8,9,23,40,231,101,150210
0.9999971921113103,0.8076621858550269,0.6773782668414614,8,5,16,27,1.0,0.6738046902061888,0.5080734980965571,9,14,26,45,1.0,0.6766080522472819,0.5112680739793267,11,19,38,67,0.9999991687171643,0.8170046718331637,0.690624148233308,8,9,23,40,231,102,150212
0.9999971921113103,0.8076621858550269,0.6773782668414614,8,5,16,27,1.0,0.6738046902061888,0.5080734980965571,9,14,26,45,1.0,0.6766080522472819,0.5112680739793267,11,19,38,67,0.9999991687171643,0.8170046718331637,0.690624148233308,8,9,23,40,231,103,150214
0.9999971921113103,0.8076621858550269,0.6773782668414614,8,5,16,27,1.0,0.6738046902061888,0.5080734980965571,9,14,26,45,1.0,0.6766080522472819,0.5112680739793267,11,19,38,67,0.9999991687171643,0.8170046718331637,0.690624148233308,8,9,23,40,231,104,150216
0.9999971921113103,0.8076621858550269,0.6773782668414614,8,5,16,27,1.0,0.6738046902061888,0.5080734980965571,9,14,26,45,1.0,0.6766080522472819,0.5112680739793267,11,19,38,67,0.9999991687171643,0.8170046718331637,0.690624148233308,8,9,23,40,231,105,150218
0.9999971921113103,0.8076621858550269,0.6773782668414614,8,5,16,27,1.0,0.6738046902061888,0.5080734980965571,9,14,26,45,1.0,0.6766080522472819,0.5112680739793267,11,19,38,67,0.9999991687171643,0.8170046718331637,0.690624148233308,8,9,23,40,231,106,150220
0.9999971921113103,0.8076621858550269,0.6773782668414614,8,5,16,27,1.0,0.6738046902061888,0.5080734980965571,9,14,26,45,1.0,0.6766080522472819,0.5112680739793267,11,19,38,67,0.9999991687171643,0.8170046718331637,0.690624148233308,8,9,23,40,231,107,150222
0.9999971921113103,0.8076621858550269,0.6773782668414614,8,5,16,27,1.0,0.6738046902061888,0.5080734980965571,9,14,26,45,1.0,0.6766080522472819,0.5112680739793267,11,19,38,67,0.9999991687171643,0.8170046718331637,0.690624148233308,8,9,23,40,231,108,150224
0.9999971921113103,0.8076621858550269,0.6773782668414614,8,5,16,27,1.0,0.6738046902061888,0.5080734980965571,9,14,26,45,1.0,0.6766080522472819,0.5112680739793267,11,19,38,67,0.9999991687171643,0.8170046718331637,0.690624148233308,8,9,23,40,231,109,150226
0.9999971921113103,0.8076621858550269,0.6773782668414614,8,5,16,27,1.0,0.6738046902061888,0.5080734980965571,9,14,26,45,1.0,0.6766080522472819,0.5112680739793267,11,19,38,67,0.9999991687171643,0.8170046718331637,0.690624148233308,8,9,23,40,231,110,150228
0.9999971921113103,0.8076621858550269,0.6773782668414614,8,5,16,27,1.0,0.6738046902061888,0.5080734980965571,9,14,26,45,1.0,0.6766080522472819,0.5112680739793267,11,19,38,67,0.9999991687171643,0.8170046718331637,0.690624148233308,8,9,23,40,231,111,150230
0.9999971921113103,0.8076621858550269,0.6773782668414614,8,5,16,27,1.0,0.6738046902061888,0.5080734980965571,9,14,26,45,1.0,0.6766080522472819,0.5112680739793267,11,19,38,67,0.9999991687171643,0.8170046718331637,0.690624148233308,8,9,23,40,231,112,150232
0.9999971921113103,0.8076621858550269,0.6773782668414614,8,5,16,27,1.0,0.6738046902061888,0.5080734980965571,9,14,26,45,1.0,0.6766080522472819,0.5112680739793267,11,19,38,67,0.9999991687171643,0.8170046718331637,0.690624148233308,8,9,23,40,231,113,150234
0.9999971921113103,0.8076621858550269,0.6773782668414614,8,5,16,27,1.0,0.6738046902061888,0.5080734980965571,9,14,26,45,1.0,0.6766080522472819,0.5112680739793267,11,19,38,67,0.9999991687171643,0.8170046718331637,0.690624148233308,8,9,23,40,231,114,150236
0.9999971921113103,0.8076621858550269,0.6773782668414614,8,5,16,27,1.0,0.6738046902061888,0.5080734980965571,9,14,26,45,1.0,0.6766080522472819,0.5112680739793267,11,19,38,67,0.9999991687171643,0.8170046718331637,0.690624148233308,8,9,23,40,231,115,150238
0.9999971921113103,0.8076621858550269,0.6773782668414614,8,5,16,27,1.0,0.6738046902061888,0.5080734980965571,9,14,26,45,1.0,0.6766080522472819,0.5112680739793267,11,19,38,67,0.9999991687171643,0.8170046718331637,0.690624148233308,8,9,23,40,231,116,150240
0.9999971921113103,0.8076621858550269,0.6773782668414614,8,5,16,27,1.0,0.6738046902061888,0.5080734980965571,9,14,26,45,1.0,0.6766080522472819,0.5112680739793267,11,19,38,67,0.9999991687171643,0.8170046718331637,0.690624148233308,8,9,23,40,231,117,150242
0.9999971921113103,0.8076621858550269,0.6773782668414614,8,5,16,27,1.0,0.6738046902061888,0.5080734980965571,9,14,26,45,1.0,0.6766080522472819,0.5112680739793267,11,19,38,67,0.9999991687171643,0.8170046718331637,0.690624148233308,8,9,23,40,231,118,150244
0.9999971921113103,0.8076621858550269,0.6773782668414614,8,5,16,27,1.0,0.6738046902061888,0.5080734980965571,9,14,26,45,1.0,0.6766080522472819,0.5112680739793267,11,19,38,67,0.9999991687171643,0.8170046718331637,0.690624148233308,8,9,23,40,231,119,150246
0.9999971921113103,0.8076621858550269,0.6773782668414614,8,5,16,27,1.0,0.6738046902061888,0.5080734980965571,9,14,26,45,1.0,0.6766080522472819,0.5112680739793267,11,19,38,67,0.9999991687171643,0.8170046718331637,0.690624148233308,8,9,23,40,231,120,150248
0.9999971921113103,0.8076621858550269,0.6773782668414614,8,5,16,27,1.0,0.6738046902061888,0.5080734980965571,9,14,26,45,1.0,0.6766080522472819,0.5112680739793267,11,19,38,67,0.9999991687171643,0.8170046718331637,0.690624148233308,8,9,23,40,231,121,150250
0.9999957881669655,0.8210306376543478,0.6963989668138817,14,12,23,44,1.0,0.6738046902061888,0.5080734980965571,9,14,26,45,1.0,0.6766080522472819,0.5112680739793267,11,19,38,67,0.9999991687171643,0.8170046718331637,0.690624148233308,8,9,23,40,231,122,150252
0.9999957881669655,0.8210306376543478,0.6963989668138817,14,12,23,44,1.0,0.6738046902061888,0.5080734980965571,9,14,26,45,1.0,0.6766080522472819,0.5112680739793267,11,19,38,67,0.9999991687171643,0.8170046718331637,0.690624148233308,8,9,23,40,231,123,150254
0.9999957881669655,0.8210306376543478,0.6963989668138817,14,12,23,44,1.0,0.6738046902061888,0.5080734980965571,9,14,26,45,1.0,0.6766080522472819,0.5112680739793267,11,19,38,67,0.9999991687171643,0.8170046718331637,0.690624148233308,8,9,23,40,231,124,150256
0.9999957881669655,0.8210306376543478,0.6963989668138817,14,12,23,44,1.0,0.6738046902061888,0.5080734980965571,9,14,26,45,1.0,0.6766080522472819,0.5112680739793267,11,19,38,67,0.9999991687171643,0.8170046718331637,0.690624148233308,8,9,23,40,231,125,150258
0.9999957881669655,0.8210306376543478,0.6963989668138817,14,12,23,44,1.0,0.6738046902061888,0.5080734980965571,9,14,26,45,1.0,0.6766080522472819,0.5112680739793267,11,19,38,67,0.9999991687171643,0.8170046718331637,0.690624148233308,8,9,23,40,231,126,150260
0.9999957881669655,0.8210306376543478,0.6963989668138817,14,12,23,44,1.0,0.6738046902061888,0.5080734980965571,9,14,26,45,1.0,0.6766080522472819,0.5112680739793267,11,19,38,67,0.9999991687171643,0.8170046718331637,0.690624148233308,8,9,23,40,231,127,150262
0.9999957881669655,0.8210306376543478,0.6963989668138817,14,12,23,44,1.0,0.6738046902061888,0.5080734980965571,9,14,26,45,1.0,0.6766080522472819,0.5112680739793267,11,19,38,67,0.9999991687171643,0.8170046718331637,0.690624148233308,8,9,23,40,231,128,150264
0.9999957881669655,0.8210306376543478,0.6963989668138817,14,12,23,44,1.0,0.6738046902061888,0.5080734980965571,9,14,26,45,1.0,0.6766080522472819,0.5112680739793267,11,19,38,67,0.9999991687171643,0.8170046718331637,0.690624148233308,8,9,23,40,231,129,150266
0.9999957881669655,0.8210306376543478,0.6963989668138817,14,12,23,44,1.0,0.6738046902061888,0.5080734980965571,9,14,26,45,1.0,0.6766080522472819,0.5112680739793267,11,19,38,67,0.9999991687171643,0.8170046718331637,0.690624148233308,8,9,23,40,231,130,150268
0.9999957881669655,0.8210306376543478,0.6963989668138817,14,12,23,44,1.0,0.6738046902061888,0.5080734980965571,9,14,26,45,1.0,0.6766080522472819,0.5112680739793267,11,19,38,67,0.9999991687171643,0.8170046718331637,0.690624148233308,8,9,23,40,231,131,150270
0.9999985960556553,0.8208657840405856,0.6961604329866807,14,12,23,42,1.0,0.6738046902061888,0.5080734980965571,9,14,26,45,1.0,0.6766080522472819,0.5112680739793267,11,19,38,67,0.9999991687171643,0.8170046718331637,0.690624148233308,8,9,23,40,231,132,150271
0.9999985960556553,0.8208657840405856,0.6961604329866807,14,12,23,42,1.0,0.6738046902061888,0.5080734980965571,9,14,26,45,1.0,0.6766080522472819,0.5112680739793267,11,19,38,67,0.9999991687171643,0.8170046718331637,0.690624148233308,8,9,23,40,231,133,150272
0.9999985960556553,0.8208657840405856,0.6961604329866807,14,12,23,42,1.0,0.6738046902061888,0.5080734980965571,9,14,26,45,1.0,0.6766080522472819,0.5112680739793267,11,19,38,67,0.9999991687171643,0.8170046718331637,0.690624148233308,8,9,23,40,231,134,150273
0.9999985960556553,0.8208657840405856,0.6961604329866807,14,12,23,42,1.0,0.6738046902061888,0.5080734980965571,9,14,26,45,1.0,0.6766080522472819,0.5112680739793267,11,19,38,67,0.9999991687171643,0.8170046718331637,0.690624148233308,8,9,23,40,231,135,150274
0.9999985960556553,0.8208657840405856,0.6961604329866807,14,12,23,42,1.0,0.6738046902061888,0.5080734980965571,9,14,26,45,1.0,0.6766080522472819,0.5112680739793267,11,19,38,67,0.9999991687171643,0.8170046718331637,0.690624148233308,8,9,23,40,231,136,150275
0.9999985960556553,0.8208657840405856,0.6961604329866807,14,12,23,42,1.0,0.6738046902061888,0.5080734980965571,9,14,26,45,1.0,0.6766080522472819,0.5112680739793267,11,19,38,67,0.9999991687171643,0.8170046718331637,0.690624148233308,8,9,23,40,231,137,150276
0.9999985960556553,0.8208657840405856,0.6961604329866807,14,12,23,42,1.0,0.6738046902061888,0.5080734980965571,9,14,26,45,1.0,0.6766080522472819,0.5112680739793267,11,19,38,67,0.9999991687171643,0.8170046718331637,0.690624148233308,8,9,23,40,231,138,150277
0.9999985960556553,0.8208657840405856,0.6961604329866807,14,12,23,42,1.0,0.6738046902061888,0.5080734980965571,9,14,26,45,1.0,0.6766080522472819,0.5112680739793267,11,19,38,67,0.9999991687171643,0.8170046718331637,0.690624148233308,8,9,23,40,231,139,150278
0.9999985960556553,0.8208657840405856,0.6961604329866807,14,12,23,42,1.0,0.6738046902061888,0.5080734980965571,9,14,26,45,1.0,0.6766080522472819,0.5112680739793267,11,19,38,67,0.9999991687171643,0.8170046718331637,0.690624148233308,8,9,23,40,231,140,150279
0.9999985960556553,0.8208657840405856,0.6961604329866807,14,12,23,42,1.0,0.6738046902061888,0.5080734980965571,9,14,26,45,1.0,0.6766080522472819,0.5112680739793267,11,19,38,67,0.9999991687171643,0.8170046718331637,0.690624148233308,8,9,23,40,231,141,150280
0.9999985960556553,0.8208657840405856,0.6961604329866807,14,12,23,42,1.0,0.6738046902061888,0.5080734980965571,9,14,26,45,1.0,0.6766080522472819,0.5112680739793267,11,19,38,67,0.9999991687171643,0.8170046718331637,0.690624148233308,8,9,23,40,231,142,150281
0.9999985960556553,0.8208657840405856,0.6961604329866807,14,12,23,42,1.0,0.6738046902061888,0.5080734980965571,9,14,26,45,1.0,0.6766080522472819,0.5112680739793267,11,19,38,67,0.9999991687171643,0.8170046718331637,0.690624148233308,8,9,23,40,231,143,150282
0.9999985960556553,0.8208657840405856,0.6961604329866807,14,12,23,42,1.0,0.6738046902061888,0.5080734980965571,9,14,26,45,1.0,0.6766080522472819,0.5112680739793267,11,19,38,67,0.9999991687171643,0.8170046718331637,0.690624148233308,8,9,23,40,231,144,150283
0.9999985960556553,0.8208657840405856,0.6961604329866807,14,12,23,42,1.0,0.6738046902061888,0.5080734980965571,9,14,26,45,1.0,0.6766080522472819,0.5112680739793267,11,19,38,67,0.9999991687171643,0.8170046718331637,0.690624148233308,8,9,23,40,231,145,150284
0.9999985960556553,0.8208657840405856,0.6961604329866807,14,12,23,42,1.0,0.6738046902061888,0.5080734980965571,9,14,26,45,1.0,0.6766080522472819,0.5112680739793267,11,19,38,67,0.9999991687171643,0.8170046718331637,0.690624148233308,8,9,23,40,231,146,150285
0.9999985960556553,0.8208657840405856,0.6961604329866807,14,12,23,42,1.0,0.6738046902061888,0.5080734980965571,9,14,26,45,1.0,0.6766080522472819,0.5112680739793267,11,19,38,67,0.9999991687171643,0.8170046718331637,0.690624148233308,8,9,23,40,231,147,150286
0.9999985960556553,0.8208657840405856,0.6961604329866807,14,12,23,42,1.0,0.6738046902061888,0.5080734980965571,9,14,26,45,1.0,0.6766080522472819,0.5112680739793267,11,19,38,67,0.9999991687171643,0.8170046718331637,0.690624148233308,8,9,23,40,231,148,150287
0.9999985960556553,0.8208657840405856,0.6961604329866807,14,12,23,42,1.0,0.6738046902061888,0.5080734980965571,9,14,26,45,1.0,0.6766080522472819,0.5112680739793267,11,19,38,67,0.9999991687171643,0.8170046718331637,0.690624148233308,8,9,23,40,231,149,150288
0.9999985960556553,0.8208657840405856,0.6961604329866807,14,12,23,42,1.0,0.6738046902061888,0.5080734980965571,9,14,26,45,1.0,0.6766080522472819,0.5112680739793267,11,19,38,67,0.9999991687171643,0.8170046718331637,0.690624148233308,8,9,23,40,231,150,150289
0.9999985960556553,0.8208657840405856,0.6961604329866807,14,12,23,42,1.0,0.6738046902061888,0.5080734980965571,9,14,26,45,1.0,0.6766080522472819,0.5112680739793267,11,19,38,67,0.9999991687171643,0.8170046718331637,0.690624148233308,8,9,23,40,231,151,150290
0.9999985960556553,0.8208657840405856,0.6961604329866807,14,12,23,42,1.0,0.6738046902061888,0.5080734980965571,9,14,26,45,1.0,0.6766080522472819,0.5112680739793267,11,19,38,67,0.9999991687171643,0.8170046718331637,0.690624148233308,8,9,23,40,231,152,150291
0.9999985960556553,0.8208657840405856,0.6961604329866807,14,12,23,42,1.0,0.6738046902061888,0.5080734980965571,9,14,26,45,1.0,0.6766080522472819,0.5112680739793267,11,19,38,67,0.9999991687171643,0.8170046718331637,0.690624148233308,8,9,23,40,231,153,150292
0.9999985960556553,0.8208657840405856,0.6961604329866807,14,12,23,42,1.0,0.6738046902061888,0.5080734980965571,9,14,26,45,1.0,0.6766080522472819,0.5112680739793267,11,19,38,67,0.9999991687171643,0.8170046718331637,0.690624148233308,8,9,23,40,231,154,150293
0.9999985960556553,0.8208657840405856,0.6961604329866807,14,12,23,42,1.0,0.6738046902061888,0.5080734980965571,9,14,26,45,1.0,0.6766080522472819,0.5112680739793267,11,19,38,67,0.9999991687171643,0.8170046718331637,0.690624148233308,8,9,23,40,231,155,150294
0.9999985960556553,0.8208657840405856,0.6961604329866807,14,12,23,42,1.0,0.6738046902061888,0.5080734980965571,9,14,26,45,1.0,0.6766080522472819,0.5112680739793267,11,19,38,67,0.9999991687171643,0.8170046718331637,0.690624148233308,8,9,23,40,231,156,150295
0.9999985960556553,0.8208657840405856,0.6961604329866807,14,12,23,42,1.0,0.6738046902061888,0.5080734980965571,9,14,26,45,1.0,0.6766080522472819,0.5112680739793267,11,19,38,67,0.9999991687171643,0.8170046718331637,0.690624148233308,8,9,23,40,231,157,150296
0.9999985960556553,0.8208657840405856,0.6961604329866807,14,12,23,42,1.0,0.6738046902061888,0.5080734980965571,9,14,26,45,1.0,0.6766080522472819,0.5112680739793267,11,19,38,67,0.9999991687171643,0.8170046718331637,0.690624148233308,8,9,23,40,231,158,150297
0.9999985960556553,0.8208657840405856,0.6961604329866807,14,12,23,42,1.0,0.6738046902061888,0.5080734980965571,9,14,26,45,1.0,0.6766080522472819,0.5112680739793267,11,19,38,67,0.9999991687171643,0.8170046718331637,0.690624148233308,8,9,23,40,231,159,150298
0.9999985960556553,0.8208657840405856,0.6961604329866807,14,12,23,42,1.0,0.6738046902061888,0.5080734980965571,9,14,26,45,1.0,0.6766080522472819,0.5112680739793267,11,19,38,67,0.9999991687171643,0.8170046718331637,0.690624148233308,8,9,23,40,231,160,150299
0.9999985960556553,0.8208657840405856,0.6961604329866807,14,12,23,42,1.0,0.6738046902061888,0.5080734980965571,9,14,26,45,1.0,0.6766080522472819,0.5112680739793267,11,19,38,67,0.9999991687171643,0.8170046718331637,0.690624148233308,8,9,23,40,231,161,150300
0.9999985960556553,0.8208657840405856,0.6961604329866807,14,12,23,42,1.0,0.6738046902061888,0.5080734980965571,9,14,26,45,1.0,0.6766080522472819,0.5112680739793267,11,19,38,67,0.9999991687171643,0.8170046718331637,0.690624148233308,8,9,23,40,231,162,150301
0.9999985960556553,0.8208657840405856,0.6961604329866807,14,12,23,42,1.0,0.6738046902061888,0.5080734980965571,9,14,26,45,1.0,0.6766080522472819,0.5112680739793267,11,19,38,67,0.9999991687171643,0.8170046718331637,0.690624148233308,8,9,23,40,231,163,150302
0.9999985960556553,0.8208657840405856,0.6961604329866807,14,12,23,42,1.0,0.6738046902061888,0.5080734980965571,9,14,26,45,1.0,0.6766080522472819,0.5112680739793267,11,19,38,67,0.9999991687171643,0.8170046718331637,0.690624148233308,8,9,23,40,231,164,150303
0.9999985960556553,0.8208657840405856,0.6961604329866807,14,12,23,42,1.0,0.6738046902061888,0.5080734980965571,9,14,26,45,1.0,0.6766080522472819,0.5112680739793267,11,19,38,67,0.9999991687171643,0.8170046718331637,0.690624148233308,8,9,23,40,231,165,150304
0.9999985960556553,0.8208657840405856,0.6961604329866807,14,12,23,42,1.0,0.6738046902061888,0.5080734980965571,9,14,26,45,1.0,0.6766080522472819,0.5112680739793267,11,19,38,67,0.9999991687171643,0.8170046718331637,0.690624148233308,8,9,23,40,231,166,150305
0.9999985960556553,0.8208657840405856,0.6961604329866807,14,12,23,42,1.0,0.6738046902061888,0.5080734980965571,9,14,26,45,1.0,0.6766080522472819,0.5112680739793267,11,19,38,67,0.9999991687171643,0.8170046718331637,0.690624148233308,8,9,23,40,231,167,150306
0.9999985960556553,0.8208657840405856,0.6961604329866807,14,12,23,42,1.0,0.6738046902061888,0.5080734980965571,9,14,26,45,1.0,0.6766080522472819,0.5112680739793267,11,19,38,67,0.9999991687171643,0.8170046718331637,0.690624148233308,8,9,23,40,231,168,150307
0.9999985960556553,0.8208657840405856,0.6961604329866807,14,12,23,42,1.0,0.6738046902061888,0.5080734980965571,9,14,26,45,1.0,0.6766080522472819,0.5112680739793267,11,19,38,67,0.9999991687171643,0.8170046718331637,0.690624148233308,8,9,23,40,231,169,150308
1.0,0.8208649046448289,0.6961584875883737,12,11,22,39,1.0,0.6738046902061888,0.5080734980965571,9,14,26,45,1.0,0.6766080522472819,0.5112680739793267,11,19,38,67,0.9999991687171643,0.8170046718331637,0.690624148233308,8,9,23,40,231,170,150309
1.0,0.8208649046448289,0.6961584875883737,12,11,22,39,1.0,0.6738046902061888,0.5080734980965571,9,14,26,45,1.0,0.6766080522472819,0.5112680739793267,11,19,38,67,0.9999991687171643,0.8170046718331637,0.690624148233308,8,9,23,40,231,171,150310
1.0,0.8208649046448289,0.6961584875883737,12,11,22,39,1.0,0.6738046902061888,0.5080734980965571,9,14,26,45,1.0,0.6766080522472819,0.5112680739793267,11,19,38,67,0.9999991687171643,0.8170046718331637,0.690624148233308,8,9,23,40,231,172,150311
1.0,0.8208649046448289,0.6961584875883737,12,11,22,39,1.0,0.6738046902061888,0.5080734980965571,9,14,26,45,1.0,0.6766080522472819,0.5112680739793267,11,19,38,67,0.9999991687171643,0.8170046718331637,0.690624148233308,8,9,23,40,231,173,150312
1.0,0.8208649046448289,0.6961584875883737,12,11,22,39,1.0,0.6738046902061888,0.5080734980965571,9,14,26,45,1.0,0.6766080522472819,0.5112680739793267,11,19,38,67,0.9999991687171643,0.8170046718331637,0.690624148233308,8,9,23,40,231,174,150313
1.0,0.8208649046448289,0.6961584875883737,12,11,22,39,1.0,0.6738046902061888,0.5080734980965571,9,14,26,45,1.0,0.6766080522472819,0.5112680739793267,11,19,38,67,0.9999991687171643,0.8170046718331637,0.690624148233308,8,9,23,40,231,175,150314
1.0,0.8208649046448289,0.6961584875883737,12,11,22,39,1.0,0.6738046902061888,0.5080734980965571,9,14,26,45,1.0,0.6766080522472819,0.5112680739793267,11,19,38,67,0.9999991687171643,0.8170046718331637,0.690624148233308,8,9,23,40,231,176,150315
1.0,0.8208649046448289,0.6961584875883737,12,11,22,39,1.0,0.6738046902061888,0.5080734980965571,9,14,26,45,1.0,0.6766080522472819,0.5112680739793267,11,19,38,67,0.9999991687171643,0.8170046718331637,0.690624148233308,8,9,23,40,231,177,150316
1.0,0.8208649046448289,0.6961584875883737,12,11,22,39,1.0,0.6738046902061888,0.5080734980965571,9,14,26,45,1.0,0.6766080522472819,0.5112680739793267,11,19,38,67,0.9999991687171643,0.8170046718331637,0.690624148233308,8,9,23,40,231,178,150317
1.0,0.8208649046448289,0.6961584875883737,12,11,22,39,1.0,0.6738046902061888,0.5080734980965571,9,14,26,45,1.0,0.6766080522472819,0.5112680739793267,11,19,38,67,0.9999991687171643,0.8170046718331637,0.690624148233308,8,9,23,40,231,179,150318
1.0,0.8208649046448289,0.6961584875883737,12,11,22,39,1.0,0.6738046902061888,0.5080734980965571,9,14,26,45,1.0,0.6766080522472819,0.5112680739793267,11,19,38,67,0.9999991687171643,0.8170046718331637,0.690624148233308,8,9,23,40,231,180,150319
1.0,0.8208649046448289,0.6961584875883737,12,11,22,39,1.0,0.6738046902061888,0.5080734980965571,9,14,26,45,1.0,0.6766080522472819,0.5112680739793267,11,19,38,67,0.9999991687171643,0.8170046718331637,0.690624148233308,8,9,23,40,231,181,150320
1.0,0.8208649046448289,0.6961584875883737,12,11,22,39,1.0,0.6738046902061888,0.5080734980965571,9,14,26,45,1.0,0.6766080522472819,0.5112680739793267,11,19,38,67,0.9999991687171643,0.8170046718331637,0.690624148233308,8,9,23,40,231,182,150321
1.0,0.8208649046448289,0.6961584875883737,12,11,22,39,1.0,0.6738046902061888,0.5080734980965571,9,14,26,45,1.0,0.6766080522472819,0.5112680739793267,11,19,38,67,0.9999991687171643,0.8170046718331637,0.690624148233308,8,9,23,40,231,183,150322
1.0,0.8208649046448289,0.6961584875883737,12,11,22,39,1.0,0.6738046902061888,0.5080734980965571,9,14,26,45,1.0,0.6766080522472819,0.5112680739793267,11,19,38,67,0.9999991687171643,0.8170046718331637,0.690624148233308,8,9,23,40,231,184,150323
1.0,0.8208649046448289,0.6961584875883737,12,11,22,39,1.0,0.6738046902061888,0.5080734980965571,9,14,26,45,1.0,0.6766080522472819,0.5112680739793267,11,19,38,67,0.9999991687171643,0.8170046718331637,0.690624148233308,8,9,23,40,231,185,150324
1.0,0.8208649046448289,0.6961584875883737,12,11,22,39,1.0,0.6738046902061888,0.5080734980965571,9,14,26,45,1.0,0.6766080522472819,0.5112680739793267,11,19,38,67,0.9999991687171643,0.8170046718331637,0.690624148233308,8,9,23,40,231,186,150325
1.0,0.8208649046448289,0.6961584875883737,12,11,22,39,1.0,0.6738046902061888,0.5080734980965571,9,14,26,45,1.0,0.6766080522472819,0.5112680739793267,11,19,38,67,0.9999991687171643,0.8170046718331637,0.690624148233308,8,9,23,40,231,187,150326
1.0,0.8208649046448289,0.6961584875883737,12,11,22,39,1.0,0.6738046902061888,0.5080734980965571,9,14,26,45,1.0,0.6766080522472819,0.5112680739793267,11,19,38,67,0.9999991687171643,0.8170046718331637,0.690624148233308,8,9,23,40,231,188,150327
1.0,0.8208649046448289,0.6961584875883737,12,11,22,39,1.0,0.6738046902061888,0.5080734980965571,9,14,26,45,1.0,0.6766080522472819,0.5112680739793267,11,19,38,67,0.9999991687171643,0.8170046718331637,0.690624148233308,8,9,23,40,231,189,150328
1.0,0.8208649046448289,0.6961584875883737,12,11,22,39,1.0,0.6738046902061888,0.5080734980965571,9,14,26,45,1.0,0.6766080522472819,0.5112680739793267,11,19,38,67,0.9999991687171643,0.8170046718331637,0.690624148233308,8,9,23,40,231,190,150329
1.0,0.8208649046448289,0.6961584875883737,12,11,22,39,1.0,0.6738046902061888,0.5080734980965571,9,14,26,45,1.0,0.6766080522472819,0.5112680739793267,11,19,38,67,0.9999991687171643,0.8170046718331637,0.690624148233308,8,9,23,40,231,191,150330
1.0,0.8208649046448289,0.6961584875883737,12,11,22,39,1.0,0.6738046902061888,0.5080734980965571,9,14,26,45,1.0,0.6766080522472819,0.5112680739793267,11,19,38,67,0.9999991687171643,0.8170046718331637,0.690624148233308,8,9,23,40,231,192,150331
1.0,0.8208649046448289,0.6961584875883737,12,11,22,39,1.0,0.6738046902061888,0.5080734980965571,9,14,26,45,1.0,0.6766080522472819,0.5112680739793267,11,19,38,67,0.9999991687171643,0.8170046718331637,0.690624148233308,8,9,23,40,231,193,150332
1.0,0.8208649046448289,0.6961584875883737,12,11,22,39,1.0,0.6738046902061888,0.5080734980965571,9,14,26,45,1.0,0.6766080522472819,0.5112680739793267,11,19,38,67,0.9999991687171643,0.8170046718331637,0.690624148233308,8,9,23,40,231,194,150333
1.0,0.8208649046448289,0.6961584875883737,12,11,22,39,1.0,0.6738046902061888,0.5080734980965571,9,14,26,45,1.0,0.6766080522472819,0.5112680739793267,11,19,38,67,0.9999991687171643,0.8170046718331637,0.690624148233308,8,9,23,40,231,195,150334
1.0,0.8208649046448289,0.6961584875883737,12,11,22,39,1.0,0.6738046902061888,0.5080734980965571,9,14,26,45,1.0,0.6766080522472819,0.5112680739793267,11,19,38,67,1.0,0.7726424497687979,0.6295170055565733,8,8,22,38,231,196,150335
1.0,0.8208649046448289,0.6961584875883737,12,11,22,39,1.0,0.6738046902061888,0.5080734980965571,9,14,26,45,1.0,0.6766080522472819,0.5112680739793267,11,19,38,67,1.0,0.7726424497687979,0.6295170055565733,8,8,22,38,231,197,150336
1.0,0.8208649046448289,0.6961584875883737,12,11,22,39,1.0,0.6738046902061888,0.5080734980965571,9,14,26,45,1.0,0.6766080522472819,0.5112680739793267,11,19,38,67,1.0,0.7726424497687979,0.6295170055565733,8,8,22,38,231,198,150337
1.0,0.8208649046448289,0.6961584875883737,12,11,22,39,1.0,0.6738046902061888,0.5080734980965571,9,14,26,45,1.0,0.6766080522472819,0.5112680739793267,11,19,38,67,1.0,0.7726424497687979,0.6295170055565733,8,8,22,38,231,199,150338
1.0,0.8208649046448289,0.6961584875883737,12,11,22,39,1.0,0.6738046902061888,0.5080734980965571,9,14,26,45,1.0,0.6766080522472819,0.5112680739793267,11,19,38,67,1.0,0.7726424497687979,0.6295170055565733,8,8,22,38,231,200,150339
1.0,0.8208649046448289,0.6961584875883737,12,11,22,39,1.0,0.6738046902061888,0.5080734980965571,9,14,26,45,1.0,0.6766080522472819,0.5112680739793267,11,19,38,67,1.0,0.7726424497687979,0.6295170055565733,8,8,22,38,231,201,150340
1.0,0.8208649046448289,0.6961584875883737,12,11,22,39,1.0,0.6738046902061888,0.5080734980965571,9,14,26,45,1.0,0.6766080522472819,0.5112680739793267,11,19,38,67,1.0,0.7726424497687979,0.6295170055565733,8,8,22,38,231,202,150341
1.0,0.8208649046448289,0.6961584875883737,12,11,22,39,1.0,0.6738046902061888,0.5080734980965571,9,14,26,45,1.0,0.6766080522472819,0.5112680739793267,11,19,38,67,1.0,0.7726424497687979,0.6295170055565733,8,8,22,38,231,203,150342
1.0,0.8208649046448289,0.6961584875883737,12,11,22,39,1.0,0.6738046902061888,0.5080734980965571,9,14,26,45,1.0,0.6766080522472819,0.5112680739793267,11,19,38,67,1.0,0.7726424497687979,0.6295170055565733,8,8,22,38,231,204,150343
1.0,0.8208649046448289,0.6961584875883737,12,11,22,39,1.0,0.6738046902061888,0.5080734980965571,9,14,26,45,1.0,0.6766080522472819,0.5112680739793267,11,19,38,67,1.0,0.7726424497687979,0.6295170055565733,8,8,22,38,231,205,150344
1.0,0.8208649046448289,0.6961584875883737,12,11,22,39,1.0,0.6738046902061888,0.5080734980965571,9,14,26,45,1.0,0.6766080522472819,0.5112680739793267,11,19,38,67,1.0,0.7726424497687979,0.6295170055565733,8,8,22,38,231,206,150345
1.0,0.8208649046448289,0.6961584875883737,12,11,22,39,1.0,0.6738046902061888,0.5080734980965571,9,14,26,45,1.0,0.6766080522472819,0.5112680739793267,11,19,38,67,1.0,0.7726424497687979,0.6295170055565733,8,8,22,38,231,207,150346
1.0,0.8208649046448289,0.6961584875883737,12,11,22,39,1.0,0.6738046902061888,0.5080734980965571,9,14,26,45,1.0,0.6766080522472819,0.5112680739793267,11,19,38,67,1.0,0.7726424497687979,0.6295170055565733,8,8,22,38,231,208,150347
1.0,0.8208649046448289,0.6961584875883737,12,11,22,39,1.0,0.6738046902061888,0.5080734980965571,9,14,26,45,1.0,0.6766080522472819,0.5112680739793267,11,19,38,67,1.0,0.7726424497687979,0.6295170055565733,8,8,22,38,231,209,150348
1.0,0.8208649046448289,0.6961584875883737,12,11,22,39,1.0,0.6738046902061888,0.5080734980965571,9,14,26,45,1.0,0.6766080522472819,0.5112680739793267,11,19,38,67,1.0,0.7726424497687979,0.6295170055565733,8,8,22,38,231,210,150349
1.0,0.8208649046448289,0.6961584875883737,12,11,22,39,1.0,0.6738046902061888,0.5080734980965571,9,14,26,45,1.0,0.6766080522472819,0.5112680739793267,11,19,38,67,1.0,0.7726424497687979,0.6295170055565733,8,8,22,38,231,211,150350
1.0,0.8208649046448289,0.6961584875883737,12,11,22,39,1.0,0.6738046902061888,0.5080734980965571,9,14,26,45,1.0,0.6766080522472819,0.5112680739793267,11,19,38,67,1.0,0.7726424497687979,0.6295170055565733,8,8,22,38,231,212,150351
1.0,0.8208649046448289,0.6961584875883737,12,11,22,39,1.0,0.6738046902061888,0.5080734980965571,9,14,26,45,1.0,0.6766080522472819,0.5112680739793267,11,19,38,67,1.0,0.7726424497687979,0.6295170055565733,8,8,22,38,231,213,150352
1.0,0.8208649046448289,0.6961584875883737,12,11,22,39,1.0,0.6738046902061888,0.5080734980965571,9,14,26,45,1.0,0.6766080522472819,0.5112680739793267,11,19,38,67,1.0,0.7726424497687979,0.6295170055565733,8,8,22,38,231,214,150353
1.0,0.8208649046448289,0.6961584875883737,12,11,22,39,1.0,0.6738046902061888,0.5080734980965571,9,14,26,45,1.0,0.6766080522472819,0.5112680739793267,11,19,38,67,1.0,0.7726424497687979,0.6295170055565733,8,8,22,38,231,215,150354
1.0,0.8208649046448289,0.6961584875883737,12,11,22,39,1.0,0.6738046902061888,0.5080734980965571,9,14,26,45,1.0,0.6766080522472819,0.5112680739793267,11,19,38,67,1.0,0.7726424497687979,0.6295170055565733,8,8,22,38,231,216,150355
1.0,0.8208649046448289,0.6961584875883737,12,11,22,39,1.0,0.6738046902061888,0.5080734980965571,9,14,26,45,1.0,0.6766080522472819,0.5112680739793267,11,19,38,67,1.0,0.7726424497687979,0.6295170055565733,8,8,22,38,231,217,150356
1.0,0.8208649046448289,0.6961584875883737,12,11,22,39,1.0,0.6738046902061888,0.5080734980965571,9,14,26,45,1.0,0.6766080522472819,0.5112680739793267,11,19,38,67,1.0,0.7726424497687979,0.6295170055565733,8,8,22,38,231,218,150357
1.0,0.8208649046448289,0.6961584875883737,12,11,22,39,1.0,0.6738046902061888,0.5080734980965571,9,14,26,45,1.0,0.6766080522472819,0.5112680739793267,11,19,38,67,1.0,0.7726424497687979,0.6295170055565733,8,8,22,38,231,219,150358
1.0,0.8208649046448289,0.6961584875883737,12,11,22,39,1.0,0.6738046902061888,0.5080734980965571,9,14,26,45,1.0,0.6766080522472819,0.5112680739793267,11,19,38,67,1.0,0.7726424497687979,0.6295170055565733,8,8,22,38,231,220,150359
1.0,0.8208649046448289,0.6961584875883737,12,11,22,39,1.0,0.6738046902061888,0.5080734980965571,9,14,26,45,1.0,0.6766080522472819,0.5112680739793267,11,19,38,67,1.0,0.7726424497687979,0.6295170055565733,8,8,22,38,231,221,150360
1.0,0.8208649046448289,0.6961584875883737,12,11,22,39,1.0,0.6738046902061888,0.5080734980965571,9,14,26,45,1.0,0.6766080522472819,0.5112680739793267,11,19,38,67,1.0,0.7726424497687979,0.6295170055565733,8,8,22,38,231,222,150361
1.0,0.8208649046448289,0.6961584875883737,12,11,22,39,1.0,0.6738046902061888,0.5080734980965571,9,14,26,45,1.0,0.6766080522472819,0.5112680739793267,11,19,38,67,1.0,0.7726424497687979,0.6295170055565733,8,8,22,38,231,223,150362
1.0,0.8208649046448289,0.6961584875883737,12,11,22,39,1.0,0.6738046902061888,0.5080734980965571,9,14,26,45,1.0,0.6766080522472819,0.5112680739793267,11,19,38,67,1.0,0.7726424497687979,0.6295170055565733,8,8,22,38,231,224,150363
1.0,0.8208649046448289,0.6961584875883737,12,11,22,39,1.0,0.6738046902061888,0.5080734980965571,9,14,26,45,1.0,0.6766080522472819,0.5112680739793267,11,19,38,67,1.0,0.7726424497687979,0.6295170055565733,8,8,22,38,231,225,150364
1.0,0.8208649046448289,0.6961584875883737,12,11,22,39,1.0,0.6738046902061888,0.5080734980965571,9,14,26,45,1.0,0.6766080522472819,0.5112680739793267,11,19,38,67,1.0,0.7726424497687979,0.6295170055565733,8,8,22,38,231,226,150365
1.0,0.8208649046448289,0.6961584875883737,12,11,22,39,1.0,0.6738046902061888,0.5080734980965571,9,14,26,45,1.0,0.6766080522472819,0.5112680739793267,11,19,38,67,1.0,0.7726424497687979,0.6295170055565733,8,8,22,38,231,227,150366
1.0,0.8208649046448289,0.6961584875883737,12,11,22,39,1.0,0.6738046902061888,0.5080734980965571,9,14,26,45,1.0,0.6766080522472819,0.5112680739793267,11,19,38,67,1.0,0.7726424497687979,0.6295170055565733,8,8,22,38,231,228,150367
1.0,0.8208649046448289,0.6961584875883737,12,11,22,39,1.0,0.6738046902061888,0.5080734980965571,9,14,26,45,1.0,0.6766080522472819,0.5112680739793267,11,19,38,67,1.0,0.7726424497687979,0.6295170055565733,8,8,22,38,231,229,150368
1.0,0.8208649046448289,0.6961584875883737,12,11,22,39,1.0,0.6738046902061888,0.5080734980965571,9,14,26,45,1.0,0.6766080522472819,0.5112680739793267,11,19,38,67,1.0,0.7726424497687979,0.6295170055565733,8,8,22,38,231,230,150369
1.0,0.8208649046448289,0.6961584875883737,12,11,22,39,1.0,0.6738046902061888,0.5080734980965571,9,14,26,45,1.0,0.6766080522472819,0.5112680739793267,11,19,38,67,1.0,0.7726424497687979,0.6295170055565733,8,8,22,38,231,231,150370
